tipo,valor,quantidade,moeda
Compra,500.0,0.021605951884162467,Bitcoin
Compra,500.0,1.5311992790238822,BNB
Compra,500.0,0.3089405633663576,Ethereum
Compra,425.0,1.3527646416878867,BNB
Compra,403.75,1.2963914333811906,BNB
