tipo,valor,quantidade,moeda
Compra,50000,0.15661986270013709,Bitcoin
Compra,40000,14.591297750021885,Etherium
Compra,10000,13.412197051999087,Solana
Venda,10000,13.412197051999087,Solana
