tipo,valor,quantidade,moeda
Compra,5000,0.29776261173542,Bitcoin
Compra,5000,4.036941474729323,Ethereum
Compra,5000,19.745007333859867,BNB
