tipo,valor,quantidade,moeda
Compra,2500.0,0.10802975942081233,Bitcoin
Compra,2500.0,7.655996395119411,BNB
Compra,2500.0,1.544702816831788,Ethereum
Compra,2125.0,6.763823208439433,BNB
Compra,2018.75,6.481957166905953,BNB
