tipo,valor,quantidade,moeda
Compra,30000,0.09397191762008225,Bitcoin
Compra,40000,14.591297750021885,Etherium
