tipo,valor,quantidade,moeda
Compra,2500.0,0.10695605511842785,Bitcoin
Compra,2375.0,7.436848297241321,BNB
Compra,2375.0,1.4892869876180905,Ethereum
