tipo,valor,quantidade,moeda
Compra,20000.0,1.1682925404521292,Bitcoin
Compra,16000.0,58.26444776228105,BNB
Compra,12800.0,0.6130326918840219,Bitcoin
Compra,2560.0,105.68904301874329,Solana
Venda,40449.97711084285,1.781325232336151,Bitcoin
Venda,17659.954116747387,58.26444776228105,BNB
Compra,5337.4965,204.52529026324865,Solana
Compra,15211.864499999998,0.6632309251831181,Bitcoin
Compra,12930.084825,7.935293613143165,Ethereum
Compra,14654.096135,624.5352938544153,Solana
