tipo,valor,quantidade,moeda
Compra,50000,0.15661986270013709,Bitcoin
Venda,25000,0.07830993135006854,Bitcoin
Venda,25000,0.07830993135006854,Bitcoin
