tipo,valor,quantidade,moeda
Compra,23,7.204513684206306e-05,Bitcoin
Compra,55,0.00017228184897015078,Bitcoin
Compra,55,0.00017228184897015078,Bitcoin
Venda,66,0.00020673821876418096,Bitcoin
