tipo,valor,quantidade,moeda
Compra,500,0.021605951884162467,Bitcoin
Compra,500,0.3089405633663576,Ethereum
Compra,500,0.021605951884162467,Bitcoin
Compra,500,1.5311992790238822,BNB
Venda,500,0.020068577195215653,Bitcoin
